date,n_equity_norm,t_equity_norm,combo_equity
2023-01-03,1.0,1.0,1.0
2023-01-04,1.0,0.9923110473452607,0.9961555236726303
2023-01-05,1.0,0.9885603387331926,0.9942801693665964
2023-01-06,1.0,0.9855597718435382,0.9927798859217691
2023-01-09,1.0,0.9883263026267071,0.9941631513133535
2023-01-10,1.0,0.9883263026267071,0.9941631513133535
2023-01-11,1.0,0.9849613874309996,0.9924806937154997
2023-01-12,1.0,0.9858658886283508,0.9929329443141754
2023-01-13,1.0,0.9898230813667629,0.9949115406833815
2023-01-16,1.0,0.9949109006018643,0.9974554503009321
2023-01-17,1.0,0.9960601688964966,0.9980300844482484
2023-01-18,1.0,0.9956079182978207,0.9978039591489103
2023-01-19,1.0,1.0019394266792803,1.0009697133396402
2023-01-20,1.0,1.0044268049719967,1.0022134024859983
2023-01-30,1.0,1.0064530209360116,1.0032265104680058
2023-01-31,1.0,1.0008984972133905,1.0004492486066954
2023-02-01,1.0,1.0123596756370226,1.0061798378185114
2023-02-02,1.0,1.010069514865956,1.0050347574329779
2023-02-03,1.0,1.0028252459220912,1.0014126229610456
2023-02-06,1.0,0.9937032808400282,0.9968516404200141
2023-02-07,1.0,0.994610358920951,0.9973051794604755
2023-02-08,1.0,0.9916253035217634,0.9958126517608816
2023-02-09,1.0,0.9975329654624149,0.9987664827312075
2023-02-10,1.0,0.9973185754579317,0.9986592877289658
2023-02-13,1.0,0.9973185754579317,0.9986592877289658
2023-02-14,1.0,0.9973185754579317,0.9986592877289658
2023-02-15,1.0,0.9973185754579317,0.9986592877289658
2023-02-16,1.0,0.9973185754579317,0.9986592877289658
2023-02-17,1.0,0.9950271163163784,0.9975135581581892
2023-02-20,1.0,0.9961727255027228,0.9980863627513614
2023-02-21,1.0,0.9954089860451595,0.9977044930225798
2023-02-22,1.0,0.9892990703846551,0.9946495351923276
2023-02-23,1.0,0.9908329945925312,0.9954164972962656
2023-02-24,1.0,0.9908329945925312,0.9954164972962656
2023-02-27,1.0,0.9908329945925312,0.9954164972962656
2023-02-28,1.0,0.9908329945925312,0.9954164972962656
2023-03-01,1.0,0.9908329945925312,0.9954164972962656
2023-03-02,1.0,0.9908329945925312,0.9954164972962656
2023-03-03,1.0,0.9908329945925312,0.9954164972962656
2023-03-06,1.0,0.9908329945925312,0.9954164972962656
2023-03-07,1.0,0.9908329945925312,0.9954164972962656
2023-03-08,1.0,0.9908329945925312,0.9954164972962656
2023-03-09,1.0,0.9908329945925312,0.9954164972962656
2023-03-10,1.0,0.9908329945925312,0.9954164972962656
2023-03-13,1.0,0.9908329945925312,0.9954164972962656
2023-03-14,1.0,0.9908329945925312,0.9954164972962656
2023-03-15,1.0,0.9901096463951427,0.9950548231975713
2023-03-16,1.0,0.997100833788785,0.9985504168943925
2023-03-17,1.0,1.0018947908587112,1.0009473954293555
2023-03-20,1.0,1.0276623101095645,1.0138311550547823
2023-03-21,1.0,1.0194726334484403,1.0097363167242202
2023-03-22,1.0,1.0068884961398843,1.0034442480699421
2023-03-23,1.0,1.0128809424772922,1.006440471238646
2023-03-24,1.0,1.0172754031247244,1.0086377015623622
2023-03-27,1.0,1.0114827049985635,1.0057413524992818
2023-03-28,1.0,1.007287992562378,1.003643996281189
2023-03-29,1.0,1.010284215731082,1.0051421078655411
2023-03-30,1.0,1.0118822014210576,1.0059411007105288
2023-03-31,1.0,1.0184738923922056,1.0092369461961028
2023-04-03,1.0,1.0064889997173905,1.0032444998586953
2023-04-04,1.0,1.016076913857243,1.0080384569286216
2023-04-06,1.0,1.0282615547433052,1.0141307773716526
2023-04-07,1.0,1.0278620583208116,1.0139310291604058
2023-04-10,1.0,1.0196723816596873,1.0098361908298437
2023-04-11,1.0,1.0244663387296138,1.0122331693648068
2023-04-12,1.0,1.0304587850670215,1.0152293925335107
2023-04-13,1.0,1.0314575261232561,1.015728763061628
2023-04-14,1.0,1.0354524903481943,1.0177262451740972
2023-04-17,1.0,1.027063065475824,1.013531532737912
2023-04-18,1.0,1.0232678494621321,1.0116339247310662
2023-04-19,1.0,1.0216698637721566,1.0108349318860783
2023-04-20,1.0,1.023867094095873,1.0119335470479365
2023-04-21,1.0,1.0198721298709346,1.0099360649354674
2023-04-24,1.0,1.0176748995472182,1.0088374497736092
2023-04-25,1.0,1.0232766676465397,1.01163833382327
2023-04-26,1.0,1.0232766676465397,1.01163833382327
2023-04-27,1.0,1.0232766676465397,1.01163833382327
2023-04-28,1.0,1.0232766676465397,1.01163833382327
2023-05-04,1.0,1.0238087959672695,1.0119043979836349
2023-05-05,1.0,1.0232429152515339,1.011621457625767
2023-05-08,1.0,1.0304557583186087,1.0152278791593043
2023-05-09,1.0,1.0324308293490723,1.0162154146745361
2023-05-10,1.0,1.0297974013084539,1.014898700654227
2023-05-11,1.0,1.039835929282566,1.019917964641283
2023-05-12,1.0,1.0509726632274319,1.025486331613716
2023-05-15,1.0,1.0495190275684647,1.0247595137842325
2023-05-16,1.0,1.0518640703094542,1.0259320351547272
2023-05-17,1.0,1.0693921174894463,1.0346960587447231
2023-05-18,1.0,1.10317229103457,1.051586145517285
2023-05-19,1.0,1.0895358529318815,1.0447679264659406
2023-05-22,1.0,1.127756511063505,1.0638782555317525
2023-05-23,1.0,1.1581487711246468,1.0790743855623233
2023-05-24,1.0,1.1439153418569166,1.0719576709284584
2023-05-25,1.0,1.1615774778140775,1.0807887389070387
2023-05-26,1.0,1.167584277316365,1.0837921386581826
2023-05-29,1.0,1.204443771300551,1.1022218856502755
2023-05-30,1.0,1.2065004287419112,1.1032502143709557
2023-05-31,1.0,1.2049652066720473,1.1024826033360235
2023-06-01,1.0,1.2005489644673848,1.1002744822336923
2023-06-02,1.0,1.2082541588613307,1.1041270794306652
2023-06-05,0.9999800879999999,1.2049886249936936,1.1024843564968467
2023-06-06,1.000310293,1.1978836195206515,1.0990969562603259
2023-06-07,0.999947293,1.2104739891244851,1.1052106410622424
2023-06-08,0.999184293,1.1933070373556849,1.0962456651778425
2023-06-09,0.999912293,1.2035349893347265,1.1017236411673632
2023-06-12,1.000410293,1.211103262090014,1.105756777545007
2023-06-13,1.0023198119999999,1.2311221499489875,1.1167209809744936
2023-06-14,1.002514812,1.2296131790622593,1.1160639955311296
2023-06-15,1.003309812,1.2414898564281764,1.1223998342140882
2023-06-16,1.005479757581,1.2506224352979538,1.128051096439477
2023-06-19,1.007319527581,1.250733105753476,1.129026316667238
2023-06-20,1.0078135275809998,1.2499378271046635,1.1288756773428317
2023-06-21,1.012270527581,1.247659828752258,1.129965178166629
2023-06-26,1.008202527581,1.2513652115804945,1.1297838695807472
2023-06-27,1.004443616631854,1.2399548547974106,1.1221992357146324
2023-06-28,1.006118851631854,1.2521405407512571,1.1291296961915556
2023-06-29,1.006799851631854,1.2521405407512571,1.1294701961915554
2023-06-30,1.008021851631854,1.2521405407512571,1.1300811961915556
2023-07-03,1.0230698516318542,1.2521405407512571,1.1376051961915556
2023-07-04,1.018902851631854,1.2481510952426031,1.1335269734372284
2023-07-05,1.018984851631854,1.248153172674362,1.133569012153108
2023-07-06,1.018751851631854,1.2482661723715534,1.1335090120017037
2023-07-07,1.017000851631854,1.242911560536621,1.1299562060842376
2023-07-10,1.0155796986003538,1.2371070273446818,1.1263433629725177
2023-07-11,1.017142698600354,1.2425746388768057,1.1298586687385799
2023-07-12,1.0199546986003538,1.2506703274889566,1.135312513044655
2023-07-13,1.020963698600354,1.2563556286884274,1.1386596636443906
2023-07-14,1.022156698600354,1.2611369323103674,1.1416468154553607
2023-07-17,1.024610698600354,1.2691133889300499,1.146862043765202
2023-07-18,1.0262740586003538,1.2754891529032228,1.1508816057517883
2023-07-19,1.0332040586003541,1.2981609840708528,1.1656825213356035
2023-07-20,1.031869626600354,1.292475682871382,1.162172654735868
2023-07-21,1.0271546266003542,1.2775563863608106,1.1523555064805824
2023-07-24,1.0278696266003542,1.2807453070632766,1.1543074668318154
2023-07-25,1.029662626600354,1.2873636898849037,1.158513158242629
2023-07-26,1.031931626600354,1.2924923023254535,1.1622119644629039
2023-07-27,1.035881626600354,1.3038857564737438,1.169883691537049
2023-07-28,1.031455626600354,1.2941997623738777,1.1628276944871159
2023-07-31,1.032837626600354,1.3004562943545823,1.1666469604774683
2023-08-01,1.035740267373954,1.3077505979275987,1.1717454326507764
2023-08-02,1.033850273773954,1.299784528466711,1.1668174011203325
2023-08-03,1.028816073773954,1.283268694173148,1.156042383973551
2023-08-04,1.0319962737739539,1.2892602160593498,1.1606282449166518
2023-08-07,1.028485273773954,1.283786372231949,1.1561358230029515
2023-08-08,1.0279662737739539,1.281733680796674,1.154849977285314
2023-08-09,1.031307273773954,1.2919971379730504,1.1616522058735022
2023-08-10,1.0299352737739538,1.2926813684514753,1.1613083211127146
2023-08-11,1.0306392737739538,1.2963305976697423,1.163484935721848
2023-08-14,1.0303629341715697,1.2992955964095845,1.1648292652905772
2023-08-15,1.0350499341715698,1.3034009792801353,1.1692254567258527
2023-08-16,1.0332009341715698,1.30271674880171,1.16795884148664
2023-08-17,1.03488093417157,1.3109275145428112,1.1729042243571906
2023-08-18,1.0336244356653197,1.3168575120224952,1.1752409738439074
2023-08-21,1.0379584356653198,1.3275771228511553,1.1827677792582376
2023-08-22,1.0319904356653196,1.3113836681950948,1.1716870519302072
2023-08-23,1.0324794356653195,1.3109275145428112,1.1717034751040654
2023-08-24,1.0341474356653197,1.3145767437610785,1.174362089713199
2023-08-25,1.0375394356653196,1.32552443141588,1.1815319335405998
2023-08-28,1.0394644356653195,1.3307701984171392,1.1851173170412292
2023-08-29,1.0410514356653195,1.3341913508092647,1.187621393237292
2023-08-30,1.0411114356653195,1.3330509666785562,1.1870812011719378
2023-08-31,1.0420434356653197,1.3341913508092647,1.1881173932372922
2023-09-01,1.0398634356653198,1.3284894301557222,1.184176432910521
2023-09-04,1.0369229156653197,1.3186821266316289,1.1778025211484744
2023-09-05,1.0389919156653198,1.3243840472851716,1.1816879814752457
2023-09-06,1.0418509156653197,1.3325948130262728,1.1872228643457963
2023-09-07,1.0417210596653197,1.3285505645333602,1.18513581209934
2023-09-08,1.0392590596653197,1.318101397548229,1.1786802286067743
2023-09-11,1.0411950596653197,1.3212782313750067,1.1812366455201633
2023-09-12,1.0393900596653196,1.3190723136093891,1.1792311866373544
2023-09-13,1.0363240596653196,1.306081818058287,1.1712029388618033
2023-09-14,1.0368690596653196,1.3127031744619946,1.174786117063657
2023-09-15,1.0396450596653197,1.3164272541760613,1.1780361569206905
2023-09-18,1.0369750596653196,1.3127031744619946,1.174839117063657
2023-09-19,1.0336630004928198,1.312289387827098,1.172976194159959
2023-09-20,1.0346380004928197,1.3089790947479274,1.1718085476203735
2023-09-21,1.0335540004928199,1.30194472195469,1.167749361223755
2023-09-22,1.0327030004928197,1.297732063671469,1.1652175320821443
2023-09-25,1.0334870004928198,1.297732063671469,1.1656095320821445
2023-09-26,1.0328800004928198,1.297732063671469,1.1653060320821444
2023-09-27,1.0307470004928199,1.297732063671469,1.1642395320821444
2023-09-28,1.0282600004928197,1.297732063671469,1.1629960320821444
2023-10-09,1.0271046550436886,1.297732063671469,1.162418359357579
2023-10-10,1.0254319316158889,1.297732063671469,1.161581997643679
2023-10-11,1.0255579316158885,1.297732063671469,1.1616449976436787
2023-10-12,1.0257379316158886,1.297732063671469,1.1617349976436788
2023-10-13,1.0256299316158886,1.297732063671469,1.1616809976436788
2023-10-16,1.0254319316158889,1.297732063671469,1.161581997643679
2023-10-17,1.0255759316158888,1.297732063671469,1.161653997643679
2023-10-18,1.0254859316158886,1.297732063671469,1.161608997643679
2023-10-19,1.0251649443593567,1.297732063671469,1.161448504015413
2023-10-20,1.0251649443593567,1.297732063671469,1.161448504015413
2023-10-23,1.0251649443593567,1.297732063671469,1.161448504015413
2023-10-24,1.0251506483593567,1.297732063671469,1.1614413560154129
2023-10-25,1.0250786483593566,1.297732063671469,1.161405356015413
2023-10-26,1.0252106483593566,1.297732063671469,1.1614713560154128
2023-10-27,1.0252466483593567,1.297732063671469,1.161489356015413
2023-10-30,1.0252866483593566,1.297732063671469,1.1615093560154128
2023-10-31,1.0252618543593566,1.297279322984095,1.1612705886717258
2023-11-01,1.0251518543593567,1.2939478149199923,1.1595498346396744
2023-11-02,1.0257018543593566,1.2959075255459356,1.160804689952646
2023-11-03,1.0261118543593566,1.2953196123581523,1.1607157333587543
2023-11-06,1.0281678543593566,1.2908122779184839,1.1594900661389203
2023-11-07,1.0273038543593564,1.2872847987917866,1.1572943265755715
2023-11-08,1.0280778543593567,1.2846892667456686,1.1563835605525128
2023-11-09,1.0269236403593567,1.2846892667456686,1.1558064535525125
2023-11-10,1.0233176403593565,1.2846892667456686,1.1540034535525125
2023-11-13,1.0246456403593567,1.2846892667456686,1.1546674535525128
2023-11-14,1.0269896403593566,1.2846892667456686,1.1558394535525127
2023-11-15,1.0312798951593565,1.2846892667456686,1.1579845809525127
2023-11-16,1.0297494951593567,1.2840097056327169,1.1568796003960369
2023-11-17,1.0262183951593566,1.2850292839590185,1.1556238395591876
2023-11-20,1.0209307951593565,1.2768726573486053,1.148901726253981
2023-11-21,1.0241616080177567,1.283499916469566,1.1538307622436612
2023-11-22,1.0212773080177564,1.279421603164359,1.1503494555910576
2023-11-23,1.0207163080177566,1.2824803381432643,1.1515983230805105
2023-11-24,1.0213087080177568,1.282990127306415,1.152149417662086
2023-11-27,1.0171348817247567,1.2799313923275102,1.1485331370261336
2023-11-28,1.0176188817247567,1.2814607598169627,1.1495398207708596
2023-11-29,1.0175991817247567,1.2814607598169627,1.1495299707708597
2023-11-30,1.0176055817247567,1.2809509706538118,1.1492782761892841
2023-12-01,1.0169225353703566,1.2784020248380576,1.1476622801042071
2023-12-04,1.0171235233703566,1.278314239144163,1.1477188812572598
2023-12-05,1.0145017233703566,1.2722704379382443,1.1433860806543006
2023-12-06,1.0171522233703567,1.2863304960828184,1.1517413597265875
2023-12-07,1.0149416233703565,1.2807916852985923,1.1478666543344744
2023-12-08,1.0167691233703566,1.276104999250401,1.1464370613103787
2023-12-11,1.0184009233703568,1.2829219971386792,1.150661460254518
2023-12-12,1.0200237233703566,1.2812177476666098,1.1506207355184832
2023-12-13,1.0223146233703566,1.2893129326589399,1.1558137780146482
2023-12-14,1.0261500233703567,1.2982602423873055,1.1622051328788312
2023-12-15,1.0249011233703567,1.2963494192815985,1.1606252713259777
2023-12-18,1.0255936459999415,1.2946451698095287,1.1601194079047352
2023-12-19,1.0286686459999417,1.3099834150581553,1.1693260305290485
2023-12-20,1.0342086459999416,1.3432162797635119,1.1887124628817267
2023-12-21,1.0276706459999416,1.31083553979419,1.169253092897066
2023-12-22,1.0288956459999414,1.3133919140022943,1.1711437800011177
2023-12-25,1.0315116459999416,1.331286533459025,1.1813990897294833
2023-12-26,1.0363556459999417,1.3585545250121382,1.19745508550604
2023-12-27,1.0343576459999415,1.339807780819373,1.1870827134096573
2023-12-28,1.0323346459999416,1.327878034514886,1.1801063402574137
2023-12-29,1.0314176459999416,1.3244695355707468,1.1779435907853442
2024-01-02,1.0308626459999415,1.3227652860986772,1.1768139660493093
2024-01-03,1.0260216459999416,1.3189224139713638,1.1724720299856526
2024-01-04,1.0271766459999416,1.3189224139713638,1.1730495299856527
2024-01-05,1.0245286459999414,1.3189224139713638,1.1717255299856526
2024-01-08,1.0279076459999417,1.3189224139713638,1.1734150299856527
2024-01-09,1.0369816459999417,1.3189224139713638,1.1779520299856527
2024-01-10,1.0383136459999416,1.3189224139713638,1.1786180299856528
2024-01-11,1.0476356459999416,1.3189224139713638,1.1832790299856528
2024-01-12,1.0483416459999415,1.3201391821154156,1.1842404140576785
2024-01-15,1.0574536459999417,1.3464445036384578,1.2019490748191997
2024-01-16,1.0482926459999415,1.3038413786148002,1.1760670123073709
2024-01-17,1.0462226459999415,1.2935750885769344,1.1698988672884378
2024-01-18,1.0469066459999414,1.2956283465845078,1.1712674962922245
2024-01-19,1.0518106459999415,1.3045257979506582,1.1781682219752998
2024-01-22,1.0674806459999415,1.3674923768495693,1.2174865114247555
2024-01-23,1.0752216459999415,1.4195082463747564,1.247364946187349
2024-01-24,1.0641806459999417,1.349697474117268,1.206939060058605
2024-01-25,1.0487886459999416,1.2655138958067678,1.1571512709033547
2024-01-26,1.0459206459999415,1.256889807546249,1.1514052267730952
2024-01-29,1.0525456459999416,1.256889807546249,1.1547177267730953
2024-01-30,1.0629396459999416,1.256889807546249,1.1599147267730952
2024-01-31,1.0497016459999415,1.256889807546249,1.1532957267730952
2024-02-01,1.0485406459999416,1.256889807546249,1.1527152267730951
2024-02-02,1.0540496459999416,1.256889807546249,1.1554697267730951
2024-02-05,1.0549256459999414,1.256889807546249,1.155907726773095
2024-02-06,1.0499073736359916,1.256889807546249,1.1533985905911202
2024-02-07,1.0483713736359916,1.256889807546249,1.1526305905911203
2024-02-08,1.0522503736359916,1.256889807546249,1.1545700905911203
2024-02-19,1.0512613736359917,1.256889807546249,1.1540755905911202
2024-02-20,1.0509913736359917,1.256889807546249,1.1539405905911204
2024-02-21,1.0487643736359917,1.256889807546249,1.1528270905911202
2024-02-22,1.0516343736359917,1.256889807546249,1.1542620905911203
2024-02-23,1.0538281156359917,1.256889807546249,1.1553589615911202
2024-02-26,1.0523531156359918,1.256889807546249,1.1546214615911203
2024-02-27,1.0517351156359915,1.256889807546249,1.1543124615911202
2024-02-28,1.0524121156359916,1.256889807546249,1.1546509615911202
2024-02-29,1.0510971156359914,1.256889807546249,1.1539934615911203
2024-03-01,1.0542321156359917,1.256889807546249,1.1555609615911204
2024-03-04,1.0569712224359917,1.256889807546249,1.1569305149911204
2024-03-05,1.0560840224359915,1.257847149556266,1.1569655859961288
2024-03-06,1.0561998224359916,1.258122125978178,1.157160974207085
2024-03-07,1.0559928224359916,1.2526225975399392,1.1543077099879655
2024-03-08,1.0592324224359917,1.254547432493323,1.1568899274646574
2024-03-11,1.0573420224359917,1.266096442213624,1.161719232324808
2024-03-12,1.0578506224359916,1.2658872745321081,1.1618689484840499
2024-03-13,1.0581466224359917,1.2641346209000548,1.1611406216680233
2024-03-14,1.0571834224359915,1.2618048756111087,1.15949414902355
2024-03-15,1.0564462224359916,1.2674235205601858,1.1619348714980888
2024-03-18,1.0576878224359916,1.2727127499519415,1.1652002861939665
2024-03-19,1.0555093473359918,1.2683069890444532,1.1619081681902226
2024-03-20,1.0567288473359917,1.2746523343804765,1.165690590858234
2024-03-21,1.0619678473359917,1.2783121207292278,1.1701399840326099
2024-03-22,1.0592717473359916,1.2587213789652787,1.1589965631506352
2024-03-25,1.0562980473359918,1.2332502462739499,1.1447741468049708
2024-03-26,1.0581017473359917,1.2337757234454358,1.1459387353907138
2024-03-27,1.0559508884582818,1.235394357548046,1.145672623003164
2024-03-28,1.0564898884582816,1.2279081748234753,1.1421990316408785
2024-03-29,1.0589278884582816,1.2314592191949063,1.1451935538265938
2024-04-01,1.0605288884582815,1.2314592191949063,1.1459940538265938
2024-04-02,1.0601008884582817,1.2321911264411671,1.1461460074497243
2024-04-03,1.0599978884582817,1.2256841695047926,1.1428410289815372
2024-04-08,1.0631188884582816,1.2250840779147145,1.144101483186498
2024-04-09,1.0639128884582816,1.2292299350746207,1.1465714117664512
2024-04-10,1.0650358884582816,1.2191444445522612,1.1420901665052714
2024-04-11,1.0620878884582816,1.2403770561782816,1.1512324723182816
2024-04-12,1.0693158884582816,1.1575698708368019,1.1134428796475417
2024-04-15,1.0649878884582817,1.2037508011233964,1.134369344790839
2024-04-16,1.0601018363015817,1.1851722659506279,1.1226370511261048
2024-04-17,1.0602228363015818,1.1803949283347734,1.1203088823181777
2024-04-18,1.0593818363015817,1.188887972985182,1.1241349046433817
2024-04-19,1.0560087221570207,1.1750867754282683,1.1155477487926446
2024-04-22,1.0530127221570207,1.2318840115278733,1.142448366842447
2024-04-23,1.0493167221570208,1.3019516298937404,1.1756341760253806
2024-04-24,1.0508567221570206,1.2727175392841195,1.16178713072057
2024-04-25,1.0508827421570206,1.2727175392841195,1.16180014072057
2024-04-26,1.0520857421570207,1.2727175392841195,1.16240164072057
2024-04-29,1.0509957421570206,1.2727175392841195,1.1618566407205702
2024-04-30,1.0508927421570207,1.2727175392841195,1.16180514072057
2024-05-06,1.0506289166570206,1.2727175392841195,1.16167322797057
2024-05-07,1.0529771166570208,1.2727175392841195,1.16284732797057
2024-05-08,1.0527251166570206,1.2727175392841195,1.1627213279705702
2024-05-09,1.0521081166570208,1.2727175392841195,1.16241282797057
2024-05-10,1.0524989166570207,1.2727175392841195,1.16260822797057
2024-05-13,1.0529649256570206,1.2727175392841195,1.1628412324705701
2024-05-14,1.0519834256570206,1.2727175392841195,1.1623504824705702
2024-05-15,1.0541595256570206,1.2727175392841195,1.16343853247057
2024-05-16,1.0555179256570206,1.2727175392841195,1.16411773247057
2024-05-17,1.057910925657021,1.2727175392841195,1.1653142324705703
2024-05-20,1.0613546256570205,1.2727175392841195,1.16703608247057
2024-05-21,1.0601905256570208,1.2652558257657884,1.1627231757114047
2024-05-22,1.0627747256570208,1.266448271595426,1.1646114986262233
2024-05-23,1.0603975256570206,1.252789346637762,1.1565934361473913
2024-05-24,1.0543531256570207,1.2435145985828984,1.1489338621199594
2024-05-27,1.0569391256570206,1.2434371084330582,1.1501881170450394
2024-05-28,1.0554846256570207,1.2387670418389385,1.1471258337479795
2024-05-29,1.0532478256570208,1.231761941947759,1.14250488380239
2024-05-30,1.0484674256570208,1.2284526771004627,1.1384600513787417
2024-05-31,1.0491927256570206,1.2284526771004627,1.1388227013787415
2024-06-03,1.0459401660425207,1.2284526771004627,1.1371964215714918
2024-06-04,1.0472904660425206,1.2284526771004627,1.1378715715714915
2024-06-05,1.0477506660425207,1.2284526771004627,1.1381016715714916
2024-06-06,1.0528997660425206,1.2284526771004627,1.1406762215714916
2024-06-07,1.0526213660425208,1.2284526771004627,1.1405370215714918
2024-06-11,1.0482808660425207,1.2284526771004627,1.1383667715714916
2024-06-12,1.0506645660425207,1.2284526771004627,1.1395586215714917
2024-06-13,1.0538581084715206,1.2284526771004627,1.1411553927859917
2024-06-14,1.0539437084715206,1.2284526771004627,1.1411981927859918
2024-06-17,1.0547381084715206,1.2284526771004627,1.1415953927859916
2024-06-18,1.0572121084715207,1.2291361756718888,1.1431741420717048
2024-06-19,1.0570772084715208,1.2301684703986544,1.1436228394350876
2024-06-20,1.0577850534745248,1.235329944032482,1.1465574987535034
2024-06-21,1.0551010534745247,1.2239747020380611,1.1395378777562928
2024-06-24,1.0543690534745247,1.2208778178577644,1.1376234356661445
2024-06-25,1.0525390534745247,1.2131356074070232,1.132837330440774
2024-06-26,1.0558330534745248,1.2223142301626908,1.1390736418186078
2024-06-27,1.0557110534745247,1.2223142301626908,1.1390126418186077
2024-06-28,1.0581510534745246,1.2223142301626908,1.1402326418186077
2024-07-01,1.0578855884745246,1.2223142301626908,1.1400999093186077
2024-07-02,1.0583075884745248,1.2223142301626908,1.140310909318608
2024-07-03,1.0623515884745247,1.2223142301626908,1.1423329093186076
2024-07-04,1.0647365884745246,1.2223142301626908,1.1435254093186078
2024-07-05,1.0639945884745245,1.2223142301626908,1.1431544093186077
2024-07-08,1.0692228804745247,1.2223142301626908,1.1457685553186079
2024-07-09,1.0762098804745248,1.225101721349956,1.1506558009122405
2024-07-10,1.0756538804745248,1.2173661209093565,1.1465100006919406
2024-07-11,1.0753888804745249,1.2152539347398807,1.1453214076072027
2024-07-12,1.0590988804745247,1.1747105247223013,1.1169047025984131
2024-07-15,1.0678688804745247,1.198550879778102,1.1332098801263133
2024-07-16,1.0688448804745248,1.1994125732907233,1.134128726882624
2024-07-17,1.0665388804745248,1.19157121268785,1.1290550465811875
2024-07-18,1.0604538804745247,1.1760730681462621,1.1182634743103934
2024-07-19,1.0509838804745248,1.1670967011838003,1.1090402908291626
2024-07-22,1.0480428804745248,1.1670967011838003,1.1075697908291624
2024-07-23,1.0501938804745248,1.1670967011838003,1.1086452908291626
2024-07-24,1.0471080140492748,1.1670967011838003,1.1071023576165375
2024-07-25,1.0385731882984246,1.1670967011838003,1.1028349447411125
2024-07-26,1.0392171882984247,1.1670967011838003,1.1031569447411125
2024-07-29,1.0402531882984247,1.1670967011838003,1.1036749447411125
2024-07-30,1.0404491882984248,1.1670967011838003,1.1037729447411126
2024-07-31,1.0416251882984247,1.1670967011838003,1.1043609447411125
2024-08-01,1.0428571882984248,1.1670967011838003,1.1049769447411126
2024-08-02,1.0435571882984247,1.1670967011838003,1.1053269447411125
2024-08-05,1.0396651882984247,1.1670967011838003,1.1033809447411125
2024-08-06,1.0385731882984246,1.1670967011838003,1.1028349447411125
2024-08-07,1.0392731882984247,1.1670967011838003,1.1031849447411126
2024-08-08,1.0391891882984248,1.1670967011838003,1.1031429447411125
2024-08-09,1.0405051882984249,1.1670967011838003,1.1038009447411126
2024-08-12,1.0416531882984246,1.1670967011838003,1.1043749447411124
2024-08-13,1.0426891882984246,1.1670967011838003,1.1048929447411124
2024-08-14,1.0421851882984248,1.1670967011838003,1.1046409447411125
2024-08-15,1.0418211882984247,1.1670967011838003,1.1044589447411126
2024-08-16,1.0421011882984246,1.1670967011838003,1.1045989447411124
2024-08-19,1.0433391382984247,1.1670967011838003,1.1052179197411125
2024-08-20,1.0437341882984248,1.166538368098939,1.1051362781986818
2024-08-21,1.0444311882984247,1.1690479056637504,1.1067395469810877
2024-08-22,1.0441691882984248,1.167584008750944,1.1058765985246843
2024-08-23,1.0433271882984247,1.1655972915121342,1.1044622399052795
2024-08-26,1.0442541882984246,1.1691524697289513,1.1067033290136878
2024-08-27,1.0438221882984247,1.168734213468149,1.106278200883287
2024-08-28,1.0437241882984247,1.1681068290769463,1.1059155086876855
2024-08-29,1.0432276099066748,1.1688387775333497,1.1060331937200123
2024-08-30,1.0429242668946748,1.167479444685743,1.105201855790209
2024-09-02,1.0418943748946747,1.1642379586645282,1.1030661667796013
2024-09-03,1.0421743748946748,1.1632108990469092,1.102692636970792
2024-09-04,1.0403543748946746,1.1632108990469092,1.101782636970792
2024-09-05,1.0414223748946747,1.1632108990469092,1.102316636970792
2024-09-06,1.0417463748946747,1.1632108990469092,1.102478636970792
2024-09-09,1.0405025154156258,1.1632108990469092,1.1018567072312675
2024-09-10,1.0415105154156254,1.1632108990469092,1.1023607072312673
2024-09-11,1.0423225154156257,1.1632108990469092,1.1027667072312675
2024-09-12,1.0420145154156255,1.1632108990469092,1.1026127072312675
2024-09-13,1.0442545154156255,1.1632108990469092,1.1037327072312673
2024-09-18,1.0441985154156257,1.1632108990469092,1.1037047072312673
2024-09-19,1.0439465154156256,1.1632108990469092,1.1035787072312675
2024-09-20,1.0457105154156257,1.1632108990469092,1.1044607072312673
2024-09-23,1.0470153154156256,1.1632108990469092,1.1051131072312674
2024-09-24,1.0464953154156256,1.1632108990469092,1.1048531072312673
2024-09-25,1.0472718074156255,1.1632108990469092,1.1052413532312673
2024-09-26,1.0481918074156256,1.1784444856950214,1.1133181465553235
2024-09-27,1.0477204390156256,1.201413754728551,1.1245670968720884
2024-09-30,1.0519204390156254,1.234209691468266,1.1430650652419456
2024-10-08,1.0385430848873098,1.2515415598424884,1.1450423223648991
2024-10-09,1.03662808488731,1.282970401498553,1.1597992431929316
2024-10-10,1.03302006088731,1.3040558466299828,1.1685379537586464
2024-10-11,1.02646553844031,1.3471057850839476,1.1867856617621289
2024-10-14,1.03191353844031,1.3358047388774439,1.1838591386588768
2024-10-15,1.02791653844031,1.3575321884531988,1.1927243634467544
2024-10-16,1.02616328419411,1.376309760474217,1.2012365223341634
2024-10-17,1.02679428419411,1.3835857885930058,1.205190036393558
2024-10-18,1.03832453459411,1.3499912681994068,1.1941579013967583
2024-10-21,1.04145293459411,1.3635107436188,1.2024818391064551
2024-10-22,1.04185453459411,1.3595362326538156,1.2006953836239629
2024-10-23,1.04263833459411,1.36749521996098,1.205066777277545
2024-10-24,1.03736473459411,1.3556457632463526,1.1965052489202312
2024-10-25,1.04245653459411,1.3505540157766522,1.196505275185381
2024-10-28,1.04422333459411,1.3508297979902768,1.1975265662921935
2024-10-29,1.0417121345941098,1.3673978072972284,1.204554970945669
2024-10-30,1.04341439676978,1.3841506702592399,1.21378253351451
2024-10-31,1.04032322496978,1.370608257747014,1.2054657413583971
2024-11-01,1.03404300947892,1.361198631318814,1.197620820398867
2024-11-04,1.03306980947892,1.3442874113995407,1.1886786104392302
2024-11-05,1.03284220947892,1.3322895631048466,1.1825658862918833
2024-11-06,1.03848700947892,1.328840119869313,1.1836635646741165
2024-11-07,1.03796560347892,1.2876003736118762,1.162782988545398
2024-11-08,1.04044540347892,1.3032052931660187,1.1718253483224692
2024-11-11,1.04220181047892,1.296252431240705,1.1692271208598126
2024-11-12,1.0396145658495397,1.3010256237773172,1.1703200948134285
2024-11-13,1.03846752413654,1.3015949533937292,1.1700312387651346
2024-11-14,1.03599852413654,1.3095121969130339,1.172755360524787
2024-11-15,1.0299071241365398,1.3074482558700216,1.1686776900032807
2024-11-18,1.0272665241365402,1.3140238561879098,1.170645190162225
2024-11-19,1.02984112413654,1.3156202176291685,1.1727306708828542
2024-11-20,1.0319591241365398,1.3142747972790993,1.1731169607078196
2024-11-21,1.0306043241365397,1.3138263238290764,1.1722153239828081
2024-11-22,1.0283421841648397,1.3059780384536732,1.1671601113092565
2024-11-25,1.0302539755471547,1.3079575853166971,1.1691057804319258
2024-11-26,1.0306019755471545,1.3079575853166971,1.1692797804319257
2024-11-27,1.0310409755471546,1.3079575853166971,1.1694992804319257
2024-11-28,1.0299009755471547,1.3079575853166971,1.168929280431926
2024-11-29,1.0300759755471545,1.3079575853166971,1.1690167804319258
2024-12-02,1.0305026954338197,1.3079575853166971,1.1692301403752583
2024-12-03,1.0338982974338198,1.3079575853166971,1.1709279413752585
2024-12-04,1.0346575524338197,1.307103613217722,1.170880582825771
2024-12-05,1.0364015524338195,1.3113542904064444,1.1738779214201318
2024-12-06,1.0350965524338196,1.3098361914104721,1.172466371922146
2024-12-09,1.0384535524338196,1.3177303061895271,1.1780919293116734
2024-12-10,1.0367195524338195,1.3165692222082375,1.1766443873210286
2024-12-11,1.0363268780338197,1.314140263814682,1.175233570924251
2024-12-12,1.0397272780338196,1.3287140141760148,1.1842206461049172
2024-12-13,1.0404268780338197,1.3360008893566808,1.1882138836952503
2024-12-16,1.0422180991482197,1.348145681324458,1.1951818902363387
2024-12-17,1.0435902281482197,1.3566470357019018,1.2001186319250607
2024-12-18,1.0448554281482194,1.3633266712841794,1.2040910497161994
2024-12-19,1.0391696281482197,1.3366081289550698,1.1878888785516448
2024-12-20,1.0346690281482196,1.3165692222082375,1.1756191251782284
2024-12-23,1.0423934281482197,1.3499674001196247,1.1961804141339223
2024-12-24,1.0417144281482198,1.347538441726069,1.1946264349371445
2024-12-25,1.0440646281482195,1.3590759940954575,1.2015703111218385
2024-12-26,1.0453076281482196,1.3633266712841794,1.2043171497161995
2024-12-27,1.0450026372428196,1.3560397961035133,1.2005212166731665
2024-12-30,1.0420738372428195,1.3420732853405695,1.1920735612916946
2024-12-31,1.0389962372428196,1.3360008893566808,1.1874985632997501
2025-01-02,1.0425419974427694,1.3445022437341247,1.193522120588447
2025-01-03,1.0410599974427694,1.338429847750236,1.1897449225965029
2025-01-06,1.0441019974427697,1.3602904732922354,1.2021962353675026
2025-01-07,1.0451159974427697,1.3542180773083468,1.1996670373755582
2025-01-08,1.0436269974427697,1.343895004135736,1.193761000789253
2025-01-09,1.0429878834427697,1.3402515665454027,1.1916197249940863
2025-01-10,1.0398058834427697,1.3366081289550698,1.1882070061989198
2025-01-13,1.0329399169287696,1.3135330242162933,1.1732364705725313
2025-01-14,1.0322039169287696,1.322732638155302,1.1774682775420358
2025-01-15,1.0328159169287696,1.322732638155302,1.177774277542036
2025-01-16,1.0368534889287697,1.322732638155302,1.1797930635420357
2025-01-17,1.0410124889287697,1.322732638155302,1.181872563542036
2025-01-20,1.0396184889287696,1.3264525239385194,1.1830355064336446
2025-01-21,1.0408604889287696,1.3339930976036876,1.1874267932662286
2025-01-22,1.0472004889287696,1.3281272446739585,1.1876638668013642
2025-01-23,1.0462084889287697,1.3252270240335096,1.1857177564811396
2025-01-24,1.0442514889287697,1.3281272446739585,1.186189366801364
2025-01-27,1.0381003089287695,1.3200066268807005,1.179053467904735
2025-02-05,1.0513143089287698,1.3652500688717106,1.2082821889002402
2025-02-06,1.0505543089287697,1.3542292304380033,1.2023917696833863
2025-02-07,1.0502943089287697,1.3548092745660933,1.2025517917474315
2025-02-10,1.0515751710287697,1.3513290097975534,1.2014520904131616
2025-02-11,1.0533517710287696,1.351909053925644,1.2026304124772067
2025-02-12,1.0495669710287698,1.3356678183391273,1.1926173946839485
2025-02-13,1.0504735710287698,1.3310274653144083,1.1907505181715892
2025-02-14,1.0530189438170199,1.3461086126447452,1.1995637782308826
2025-02-17,1.0477949438170198,1.3333476418267676,1.1905712928218937
2025-02-18,1.05049234381702,1.3356678183391273,1.1930800810780737
2025-02-19,1.0538942438170196,1.3536491863099132,1.2037717150634664
2025-02-20,1.0549519577453097,1.3629298923593514,1.2089409250523304
2025-02-21,1.0548769805453095,1.3693103777683402,1.2120936791568249
2025-02-24,1.0520922805453097,1.3536491863099132,1.2028707334276114
2025-02-25,1.0510097805453098,1.3571294510784526,1.204069615811881
2025-02-26,1.0489152805453097,1.3472687009009248,1.1980919907231171
2025-02-27,1.0511169805453096,1.3675702453840703,1.20934361296469
2025-02-28,1.0430542616466096,1.3652500688717106,1.2041521652591602
2025-03-03,1.0481725616466098,1.3954123635323845,1.2217924625894971
2025-03-04,1.0475797616466096,1.3820713485863172,1.2148255551164633
2025-03-05,1.0434560616466098,1.3461086126447452,1.1947823371456776
2025-03-06,1.0452001616466098,1.350748965669464,1.197974563658037
2025-03-07,1.0441445616466096,1.353495355996945,1.1988199588217774
2025-03-10,1.0469882616466097,1.353495355996945,1.2002418088217772
2025-03-11,1.04174116164661,1.353495355996945,1.1976182588217774
2025-03-12,1.0410601616466097,1.353495355996945,1.1972777588217773
2025-03-13,1.0435989616466097,1.353495355996945,1.1985471588217773
2025-03-14,1.0489623616466097,1.353495355996945,1.2012288588217772
2025-03-17,1.0487063616466097,1.353248624551266,1.2009774930989379
2025-03-18,1.0510631616466097,1.359411672102818,1.2052374168747138
2025-03-19,1.0523337616466095,1.3684097215280842,1.210371741587347
2025-03-20,1.0486711616466098,1.369272548185301,1.2089718549159554
2025-03-21,1.0457228436639896,1.3652049368012769,1.2054638902326333
2025-03-24,1.0456644436639897,1.3659445025074635,1.2058044730857267
2025-03-25,1.0458100436639899,1.3652049368012769,1.2055074902326335
2025-03-26,1.04379904366399,1.367793416772929,1.2057962302184595
2025-03-27,1.0446864436639896,1.369888852940456,1.2072876483022228
2025-03-28,1.0457208436639898,1.3854197327703666,1.2155702882171782
2025-03-31,1.0492152436639897,1.3945410431466634,1.2218781434053265
2025-04-01,1.0485000436639895,1.3999645249920294,1.2242322843280093
2025-04-02,1.0494514436639897,1.3966364793141912,1.2230439614890904
2025-04-03,1.0532328436639897,1.4046484411312086,1.2289406423975993
2025-04-07,1.0400661980761097,1.3779008147574734,1.2089835064167915
2025-04-08,1.0474481980761097,1.3838173404069638,1.2156327692415367
2025-04-09,1.0467831980761098,1.3945410431466634,1.2206621206113866
2025-04-10,1.0478711980761097,1.4132767077033812,1.2305739528897455
2025-04-11,1.0508941980761097,1.426712151365764,1.2388031747209367
2025-04-14,1.0534261980761095,1.43336824272144,1.2433972203987746
2025-04-15,1.0512301980761098,1.4331217208193785,1.2421759594477442
2025-04-16,1.0524861980761095,1.4550621701029025,1.253774184089506
2025-04-17,1.0543421980761098,1.4627043490668272,1.2585232735714684
2025-04-18,1.0547561980761098,1.464923046185386,1.2598396221307477
2025-04-21,1.0594611980761097,1.4823028402807616,1.2708820191784356
2025-04-22,1.0658251980761098,1.514104165646769,1.2899646818614394
2025-04-23,1.0545671980761098,1.5163421688445873,1.2854546834603484
2025-04-24,1.0571411980761096,1.5062347708600425,1.2816879844680762
2025-04-25,1.0542251980761097,1.5126443403136562,1.283434769194883
2025-04-28,1.0501137510761098,1.5206563021306736,1.2853850266033917
2025-04-29,1.0503007510761098,1.5142467326770597,1.2822737418765846
2025-04-30,1.0481041544767096,1.518760972452681,1.2834325634646953
2025-05-06,1.0516331544767097,1.5074154251398018,1.2795242898082557
2025-05-07,1.0529511544767096,1.4986742085622116,1.2758126815194606
2025-05-08,1.0504725224767097,1.519087053025655,1.2847797877511824
2025-05-09,1.0499815224767097,1.52445261859168,1.287217070534195
2025-05-12,1.0468575224767096,1.5532324210852249,1.3000449717809672
2025-05-13,1.0455618233637598,1.5522086249429274,1.2988852241533437
2025-05-14,1.0450926077523097,1.5704826366640605,1.3077876222081852
2025-05-15,1.0442438946523096,1.5657401117682876,1.3049920032102986
2025-05-16,1.0444201946523095,1.567800420453346,1.3061103075528278
2025-05-19,1.0426388946523097,1.5580410867171413,1.3003399906847255
2025-05-20,1.0449672946523096,1.5695194637576382,1.3072433792049738
2025-05-21,1.0433059946523098,1.561472815125494,1.3023894048889018
2025-05-22,1.0417851946523096,1.55473696298077,1.2982610788165396
2025-05-23,1.0409260946523098,1.552877598604032,1.2969018466281708
2025-05-26,1.0421484038030098,1.5632461234654296,1.3026972636342196
2025-05-27,1.0428756588030097,1.5677143644165432,1.3052950116097763
2025-05-28,1.0447266588030095,1.5728172292937774,1.3087719440483934
2025-05-29,1.0478138588030097,1.586770520036437,1.3172921894197234
2025-05-30,1.0436967588030097,1.5701065239955356,1.3069016413992727
2025-06-03,1.0443824588030097,1.5727950984064822,1.3085887786047459
2025-06-04,1.0461625588030097,1.5813631824101226,1.313762870606566
2025-06-05,1.0459466588030095,1.578199379746197,1.3120730192746033
2025-06-06,1.0454422278030098,1.5755841449715888,1.3105131863872992
2025-06-09,1.0459975543549598,1.5809422191927864,1.313469886773873
2025-06-10,1.0458482493549597,1.5812165031374452,1.3135323762462026
2025-06-11,1.0469993493549596,1.5860993491056634,1.3165493492303115
2025-06-12,1.0466380493549596,1.5823136389160812,1.3144758441355204
2025-06-13,1.0443152823549597,1.5670160609679484,1.305665671661454
2025-06-16,1.0461896823549597,1.5704440327564515,1.3083168575557056
2025-06-17,1.0475659823549597,1.564830749191291,1.3061983657731253
2025-06-18,1.0466642823549597,1.570067262178351,1.3083657722666553
2025-06-19,1.0445354823549597,1.5598992680243207,1.3022173751896402
2025-06-20,1.0432753823549596,1.5544371963102206,1.2988562893325901
2025-06-23,1.04071378235496,1.5488530597421626,1.2947834210485611
2025-06-24,1.0470096823549597,1.5517199946315303,1.299364838493245
2025-06-25,1.0459712823549596,1.550831066340819,1.2984011743478892
2025-06-26,1.0473199823549597,1.5539499838882558,1.3006349831216077
2025-06-27,1.0520693823549596,1.5607522068591102,1.306410794607035
2025-06-30,1.0570643823549597,1.570167757115447,1.3136160697352035
2025-07-01,1.0549453823549597,1.558703607334876,1.3068244948449177
2025-07-02,1.05250538235496,1.5581739881412981,1.305339685248129
2025-07-03,1.0561893823549597,1.55842409833458,1.30730674034477
2025-07-04,1.0560223823549597,1.5595642936078562,1.307793337981408
2025-07-07,1.0522543823549597,1.5522782997618756,1.3022663410584177
2025-07-08,1.0569383823549596,1.552668164455305,1.3048032734051325
2025-07-09,1.0551793823549598,1.5475705246337073,1.3013749534943335
2025-07-10,1.0577933823549597,1.5493647570398659,1.3035790696974128
2025-07-11,1.0589753823549597,1.5470255688792882,1.3030004756171238
2025-07-14,1.0576893823549598,1.543126921944992,1.3004081521499757
2025-07-15,1.0627983823549598,1.5528735392807327,1.3078359608178463
2025-07-16,1.0601163823549598,1.5463740993804098,1.303245240867685
2025-07-17,1.0682523823549597,1.558922101966856,1.3135872421609078
2025-07-18,1.0710813823549599,1.564560188808169,1.3178207855815645
2025-07-21,1.0747443823549598,1.568974857200893,1.3218596197779264
2025-07-22,1.0773633823549598,1.5720519113507634,1.3247076468528616
2025-07-23,1.0828753823549597,1.569801387019722,1.3263383846873409
2025-07-24,1.0854623823549596,1.5855585810064035,1.3355104816806815
2025-07-25,1.0824213823549595,1.5840409856302515,1.3332311839926057
2025-07-28,1.0829583823549598,1.6002717711054957,1.3416150767302277
2025-07-29,1.0849293823549597,1.6156211589426472,1.3502752706488035
2025-07-30,1.0834623823549596,1.5998639649559663,1.341663173655463
2025-07-31,1.08261938235496,1.5923298124435072,1.3374745973992335
2025-08-01,1.0763163823549597,1.5802320459764552,1.3282742141657073
2025-08-04,1.0766173823549599,1.5751040001082035,1.3258606912315818
2025-08-05,1.0831463823549599,1.5863984081524938,1.3347723952537267
2025-08-06,1.0848633823549596,1.5925405554815013,1.3387019689182305
2025-08-07,1.0866293823549598,1.5863984081524938,1.3365138952537268
2025-08-08,1.0902663823549599,1.58332733448799,1.3367968584214749
2025-08-11,1.0957223823549598,1.6006021238508232,1.3481622531028914
2025-08-12,1.0985673823549598,1.6113508816765858,1.3549591320157728
2025-08-13,1.1133873823549598,1.6451326919861256,1.3792600371705426
2025-08-14,1.10838738235496,1.634767818368426,1.371577600361693
2025-08-15,1.1168443823549599,1.658952523476392,1.387898452915676
2025-08-18,1.1227213823549596,1.6869760706649872,1.4048487265099734
2025-08-19,1.1211713823549598,1.6839472123601655,1.4025592973575627
2025-08-20,1.1189103823549598,1.680411927126253,1.3996611547406064
2025-08-21,1.1145663823549599,1.6692318189243593,1.3918991006396597
2025-08-22,1.1181063823549595,1.7010686494877012,1.4095875159213302
2025-08-25,1.1303543823549598,1.7341813888814648,1.4322678856182123
2025-08-26,1.1258493823549596,1.7261198205121426,1.425984601433551
2025-08-27,1.1254983823549598,1.7184421363508835,1.4219702593529218
2025-08-28,1.1341943823549596,1.7606693992378086,1.4474318907963841
2025-08-29,1.1375213823549597,1.7567467052720291,1.4471340438134943
2025-09-01,1.1407243823549595,1.7567467052720291,1.4487355438134943
2025-09-02,1.1333003823549597,1.7567467052720291,1.4450235438134944
2025-09-03,1.1342973823549596,1.7565997623057767,1.4454485723303683
2025-09-04,1.1260463823549598,1.7537408384905961,1.439893610422778
2025-09-05,1.14483338235496,1.7577115660116802,1.45127247418332
2025-09-08,1.1481403823549596,1.7691472612724024,1.458643821813681
2025-09-09,1.1475803823549597,1.7880479242727625,1.4678141533138611
2025-09-10,1.1498593823549599,1.785030171356739,1.4674447768558494
2025-09-11,1.1629023823549596,1.781218272936498,1.4720603276457287
2025-09-12,1.16502238235496,1.7866131824419553,1.4758177823984577
2025-09-15,1.1659623823549596,1.7818320487917048,1.473897215573332
2025-09-16,1.1725843823549598,1.8018255164402464,1.487204949397603
2025-09-17,1.17445038235496,1.7963221353103818,1.485386258832671
2025-09-18,1.1716393823549596,1.7755322369826891,1.4735858096688244
2025-09-19,1.1701763823549598,1.7790570154480996,1.4746166989015297
2025-09-22,1.1804003823549598,1.8069101817562225,1.4936552820555913
2025-09-23,1.1835794491745097,1.8191052160963277,1.5013423326354187
2025-09-24,1.1889154491745098,1.8375075032177157,1.5132114761961128
2025-09-25,1.1894754491745099,1.831156624358916,1.5103160367667128
2025-09-26,1.1812464491745096,1.8259672375965454,1.5036068433855276
2025-09-29,1.1939694491745099,1.8505897142333518,1.522279581703931
2025-09-30,1.19938744917451,1.8673178368716887,1.5333526430230995
2025-10-09,1.2259644491745094,1.9384398462839394,1.5822021477292245
2025-10-10,1.2101104491745096,1.9081019582776528,1.5591062037260812
2025-10-13,1.2092334491745098,1.9176881781774766,1.5634608136759933
2025-10-14,1.1993549090347098,1.8864021880878914,1.5428785485613006
2025-10-15,1.2136949090347096,1.8602251692658631,1.5369600391502862
2025-10-16,1.22041090903471,1.8454278648393108,1.5329193869370104
2025-10-17,1.2168220172451447,1.783644036912137,1.5002330270786408
2025-10-20,1.2262210172451447,1.866727898392422,1.5464744578187832
2025-10-21,1.2337260172451447,1.8220128244829368,1.5278694208640409
2025-10-22,1.2278220172451448,1.9188815071515763,1.5733517621983606
2025-10-23,1.220765017245145,1.8949895310641898,1.5578772741546674
2025-10-24,1.2222240172451448,1.9056123839348649,1.5639182005900047
2025-10-27,1.2317860172451447,1.9513083283344606,1.5915471727898027
2025-10-28,1.2242240172451448,1.9717023137779672,1.597963165511556
2025-10-29,1.2360308422451445,2.014406189872377,1.6252185160587609
2025-10-30,1.2311461838451447,1.9862398035122346,1.6086929936786896
2025-10-31,1.2345491838451448,2.0044116656800686,1.6194804247626067
2025-11-03,1.2360709838451447,2.024400714064686,1.6302358489549154
2025-11-04,1.2237439838451447,1.9671593482360088,1.5954516660405766
2025-11-05,1.2181357838451445,1.9508046722849581,1.5844702280650513
2025-11-06,1.226963003845145,1.9678656339574563,1.5974143189013006
2025-11-07,1.2238572038451447,1.9678656339574563,1.5958614189013005
2025-11-10,1.2341316190373948,1.9678656339574563,1.6009986264974256
2025-11-11,1.236802406210245,1.9678656339574563,1.6023340200838505
2025-11-12,1.2380489804102448,1.9678656339574563,1.6029573071838505
2025-11-13,1.241463180410245,1.9678656339574563,1.6046644071838507
2025-11-14,1.2283611804102448,1.9678656339574563,1.5981134071838505
2025-11-17,1.2185951804102448,1.9678656339574563,1.5932304071838506
2025-11-18,1.2009241362989946,1.9678656339574563,1.5843948851282255
2025-11-19,1.2051453932989946,1.9678656339574563,1.5865055136282256
2025-11-20,1.2035291932989947,1.9678656339574563,1.5856974136282256
2025-11-21,1.200384918382935,1.9678656339574563,1.5841252761701956
2025-11-24,1.2014579183829348,1.9678656339574563,1.5846617761701955
2025-11-25,1.2054909183829348,1.9678656339574563,1.5866782761701956
2025-11-26,1.2054179183829348,1.9678656339574563,1.5866417761701954
2025-11-27,1.2056559183829347,1.9678656339574563,1.5867607761701956
2025-11-28,1.2070819183829349,1.9678656339574563,1.5874737761701956
2025-12-01,1.2080979183829348,1.9678656339574563,1.5879817761701955
2025-12-02,1.206711918382935,1.9678656339574563,1.5872887761701957
2025-12-03,1.2064916683829348,1.9678656339574563,1.5871786511701955
2025-12-04,1.2055196683829348,1.9678656339574563,1.5866926511701955
2025-12-05,1.2071376683829347,1.9678656339574563,1.5875016511701956
2025-12-08,1.2061566683829348,1.9678656339574563,1.5870111511701954
2025-12-09,1.2039648283829347,1.9678656339574563,1.5859152311701954
2025-12-10,1.205694828382935,1.9678656339574563,1.5867802311701955
2025-12-11,1.205268828382935,1.9678656339574563,1.5865672311701955
2025-12-12,1.2088598283829348,1.9678656339574563,1.5883627311701956
2025-12-15,1.2113796312749348,1.9715435981626666,1.5914616147188005
2025-12-16,1.2084456312749348,1.961893549927478,1.5851695906012064
2025-12-17,1.2103936312749346,1.967979165931651,1.5891863986032928
2025-12-18,1.2101296312749348,1.9686746649035562,1.5894021480892455
2025-12-19,1.2102426312749348,1.9682399780461153,1.5892413046605252
2025-12-22,1.2157555008749348,1.9854535776007758,1.6006045392378554
2025-12-23,1.2192573008749348,1.9967114340358094,1.607984367455372
2025-12-24,1.2198289008749346,2.004989489680157,1.6124091952775457
2025-12-25,1.2183919008749349,2.003729842080742,1.6110608714778385
2025-12-26,1.2216980008749347,2.0148712408041938,1.6182846208395643
2025-12-29,1.2186784008749347,2.0046380385885247,1.6116582197317297
2025-12-30,1.2140120008749347,1.9900114144413033,1.6020117076581188
2025-12-31,1.2115728008749347,1.9893084520041353,1.600440626439535
